1000,,ASSY-BLACK - 130 SIGNAL HEAD W,PELCO
1001,,ASSY-BLACK-150A4H SIGNAL HEAD W,PELCO
1002,,ASSY-WAVETRONIX SMART SENSOR 225 W,PELCO
1003,,ASSY-YELLOW-130 SIGNAL HEAD W,MCCAIN
1004,,ASSY-YELLOW-150A4H SIGNAL HEAD W,MCCAIN
1005,,ASSY-BLACK-130A3 LEFT SIGNAL HEAD W,PELCO
1006,,ASSY-BLACK-130A3 RIGHT SIGNAL HEAD W,PELCO
1007,,ASSY-BLACK-140A1 LEFT SIGNAL HEAD W,VARIOUS
1008,,ASSY-BLACK-140A1 RIGHT SIGNAL HEAD W,VARIOUS
1009,,ASSY-BLACK-150A2H LEFT SIGNAL HEAD W,WAVETRONIX
1010,,ASSY-BLACK-150A2H RIGHT SIGNAL HEAD W. BPLATE ASTRO BRAC HARDWARE VISOR,WAVETRONIX
1011,,ASSY-CONDUIT KIT-36IN FOUNDATION-3X2INWGND,WAVETRONIX
1012,,ASSY-CONDUIT-47IN FOUNDATION ELBOW ,WAVETRONIX
1013,,ASSY-CONDUIT-49IN FOUNDATION ELBOW ,WAVETRONIX
1014,,ASSY-YELLOW-130A3 LEFT SIGNAL HEAD W. BPLATE ASTRO BRAC HARDWARE VISOR,WAVETRONIX
1015,,ASSY-YELLOW-130A3 RIGHT SIGNAL HEAD W. BPLATE ASTRO BRAC HARDWARE VISOR,VALMONT
1016,,ASSY-YELLOW-140A1 LEFT SIGNAL HEAD W. BPLATE ASTRO BRAC HARDWARE VISOR,VALMONT
1017,,ASSY-YELLOW-140A1 RIGHT SIGNAL HEAD W. BPLATE ASTRO BRAC HARDWARE VISOR,VALMONT
1018,,ASSY-YELLOW-150A2H LEFT SIGNAL HEAD W. BPLATE ASTRO BRAC HARDWARE VISOR,VALMONT
1019,,ASSY-YELLOW-150A2H RIGHT SIGNAL HEAD W. BPLATE ASTRO BRAC HARDWARE VISOR,VALMONT
1020,,ASTRO BRAC-BLACK,VALMONT
1021,,ASTRO BRAC-GALV,VALMONT
1022,,ASTRO BRAC HARDWARE-3 SECTION-BLACK,VALMONT
1023,,ASTRO BRAC HARDWARE-3 SECTION-GALV,VALMONT
1024,,ASTRO BRAC HARDWARE-5 SECTION-BLACK,VALMONT
1025,,ASTRO BRAC HARDWARE-5 SECTION-GALV,VALMONT
1026,,BACK PLATE-MAST ARM-18.75IN,VALMONT
1027,,BACK PLATE-MAST ARM-18.75IN-BLACK,VALMONT
1028,,BACK PLATE-MAST ARM-19.75IN,VALMONT
1029,,BACK PLATE-MAST ARM-20.25IN,VALMONT
1030,,BACK PLATE-MAST ARM-20.25IN-BLACK,VALMONT
1031,,BACK PLATE-MAST ARM-21.75IN,VALMONT
1032,,"BLANKOUT LED-R3-1-36""X36""",MMI OF KENTUCKY
1033,,BOLT TEMPLATE-18IN ,MMI OF KENTUCKY
1034,,BOLT TEMPLATE-18IN X .125IN,MMI OF KENTUCKY
1035,,CONDUIT-2IN SCH80 X 11IN ,MMI OF KENTUCKY
1036,,CONDUIT-2IN SCH80 X 14IN,MMI OF KENTUCKY
1037,,CONDUIT-2IN SCH80 X 33IN ,MMI OF KENTUCKY
1038,,CONDUIT-2IN SCH80 X 36IN ,MMI OF KENTUCKY
1039,,CONDUIT-PVC-1IN GND,MMI OF KENTUCKY
1040,,COUPLING-2IN PVC,MMI OF KENTUCKY
1041,,Description,MMI OF KENTUCKY
1042,,ELBOW-90-2IN SCH80 X 12IN,MMI OF KENTUCKY
1043,,"KIT-18"" BOLT CIRCLE-2"" BOLTS",MMI OF KENTUCKY
1044,,KIT-MAST ARM FOUNDATION-36X,MMI OF KENTUCKY
1045,,MAST ARM-20FT GALV-NMPW,MMI OF KENTUCKY
1046,,MAST ARM-25FT BLACK-NMPW,MMI OF KENTUCKY
1047,,MAST ARM-25FT GALV-NMPW,MMI OF KENTUCKY
1048,,MAST ARM-30FT BLACK-NMPW,MMI OF KENTUCKY
1049,,MAST ARM-30FT GALV-NMPW,MMI OF KENTUCKY
1050,,MAST ARM-35FT BLACK-NMPW,MMI OF KENTUCKY
1051,,MAST ARM-35FT GALV-NMPW,MMI OF KENTUCKY
1052,,MAST ARM-40FT BLACK-NMPW,MMI OF KENTUCKY
1053,,MAST ARM-40FT GALV-NMPW,MMI OF KENTUCKY
1054,,MAST ARM-40FT-3FT RISE- GALV- NMPW,MMI OF KENTUCKY
1055,,MAST ARM-40FT-5FT RISE-12deg- GALV-NMPW,MMI OF KENTUCKY
1056,,MAST ARM-45FT BLACK-NMPW,MMI OF KENTUCKY
1057,,MAST ARM-45FT GALV-NMPW,MMI OF KENTUCKY
1058,,MAST ARM-50FT-18.75IN BPLATE-BLACK-NMPW,VARIOUS
1059,,MAST ARM-50FT-18.75IN BPLATE-GALV-NMPW,STANSELL
1060,,MAST ARM-50FT-20.25IN BPLATE-BLACK-NMPW,STANSELL
1061,,MAST ARM-50FT-20.25IN BPLATE-GALV-NMPW,
1062,,MAST ARM-55FT-18.75IN BPLATE-BLACK-NMPW,
1063,,MAST ARM-55FT-18.75IN BPLATE-GALV-NMPW,
1064,,MAST ARM-55FT-20.25IN BPLATE-GALV-NMPW,
1065,,MAST ARM-55FT-20.25IN BPLATE-BLACK-NMPW,
1066,,MAST ARM-60FT-18.75IN BPLATE-BLACK-NMPW,
1067,,MAST ARM-60FT-18.75IN BPLATE-GALV-NMPW,STANSELL
1068,,MAST ARM-60FT-20.25IN BPLATE-GALV-NMPW,STANSELL
1069,,MAST ARM-60FT-20.25IN BPLATE-BLACK-NMPW,STANSELL
1070,,MAST ARM-65FT-20.25IN BPLATE-BLACK-NMPW,
1071,,MAST ARM-65FT-20.25IN BPLATE-GALV-NMPW,
1072,,MAST ARM-65FT-21.25IN BPLATE-BLACK-NMPW,
1073,,MAST ARM-65FT-21.25IN BPLATE-GALV-NMPW,VALMONT
1074,,MAST ARM-70FT-OPTION 1-BLACK-NMPW,VALMONT
1075,,MAST ARM - 70FT -OPTION 1-GALV- NMPW,VALMONT
1076,,MAST ARM - 70FT -OPTION 2-BLACK- NMPW,VALMONT
1077,,MAST ARM - 70FT -OPTION 2-GALV- NMPW,VALMONT
1078,,MAST ARM - 75FT -OPTION 1-BLACK- NMPW,VALMONT
1079,,MAST ARM - 75FT -OPTION 1-GALV- NMPW,PELCO
1080,,MAST ARM - 75FT -OPTION 2-BLACK- NMPW,PELCO
1081,,MAST ARM - 75FT -OPTION 2-GALV- NMPW,MCCAIN
1082,,MAST ARM-30FT-3FT RISE-12DEG-GALV-MPW,MCCAIN
1083,,MAST ARM-35FT-3FT RISE-GALV-NMPW,MCCAIN
1084,,MAST ARM-45FT-5FT RISE-12DEG-GALV-MPW,MCCAIN
1085,,MAST ARM-55FT-5FT RISE-12DEG-GALV-NMPW,MCCAIN
1086,,PEDESTRIAN SIGNAL HEAD-BLACK-BRILLED RIGHT,MCCAIN
1087,,PEDESTRIAN SIGNAL HEAD-BLACK-DRILLED LEFT,
1088,,PEDESTRIAN SIGNAL HEAD-YELLOW-DRILLED LEFT,
1089,,PEDESTRIAN SIGNAL HEAD-YELLOW-DRILLED RIGHT,
1090,,REBAR CAGE-PRE TIED-36IN X 15FT,
1091,,REBAR CAGE-PRE TIED-36IN X 16FT,
1092,,REBAR CAGE-PRE TIED-36IN X 17FT,
1093,,REBAR CAGE-PRE TIED-36IN X 18FT,
1094,,REBAR CAGE-PRE TIED-36IN X 19FT,
1095,,REBAR CAGE-PRE TIED-36IN X 20FT,
1096,,REBAR CAGE-PRE TIED-36IN X 21FT,
1097,,REBAR CAGE-PRE TIED-36IN X 22FT,
1098,,REBAR CAGE-PRE TIED-36IN X 23FT,
1099,,REBAR CAGE-PRE TIED-36IN X 24FT,
1100,,REBAR CAGE-PRE TIED-48IN X 15FT,
1101,,REBAR CAGE-PRE TIED-48IN X 16FT,MCCAIN
1102,,REBAR CAGE-PRE TIED-48IN X 17FT,MCCAIN
1103,,REBAR CAGE-PRE TIED-48IN X 18FT,MCCAIN
1104,,REBAR CAGE-PRE TIED-48IN X 19FT,MCCAIN
1105,,REBAR CAGE-PRE TIED-48IN X 20FT,VARIOUS
1106,,REBAR CAGE-PRE TIED-48IN X 21FT,
1107,,REBAR CAGE-PRE TIED-48IN X 22FT,VARIOUS
1108,,REBAR CAGE-PRE TIED-48IN X 23FT,VALMONT
1109,,REBAR CAGE-PRE TIED-48IN X 24FT,VALMONT
1110,,REBAR CAGE-PRE TIED-48IN X 25FT,VALMONT
1111,,REBAR CAGE-PRE TIED-48IN X 26FT,VALMONT
1112,,REBAR CAGE-PRE TIED-48IN X 27FT,
1113,,REBAR CAGE-PRE TIED-48IN X 28FT,
1114,,REBAR CAGE-PRE TIED-48IN X 29FT,VALMONT
1115,,REBAR CAGE-PRE TIED-48IN X 30FT,VALMONT
1116,,REFLECTIVE BACKPLATE-3 SECTION-MCCAIN,TRANSPORTATION CONTROL SYSTEMS
1117,,SIGNAL HEAD ASSY-130-BLACK,VALMONT
1118,,SIGNAL HEAD ASSY-130-YELLOW,VALMONT
1119,,SIGNAL HEAD ASSY-150A2H LEFT-BLACK,VALMONT
1120,,SIGNAL HEAD ASSY-150A2H LEFT-YELLOW,VALMONT
1121,,SIGNAL HEAD ASSY-150A2H RIGHT-BLACK,VALMONT
1122,,SIGNAL HEAD ASSY-150A2H RIGHT-YELLOW,VALMONT
1123,,SIGNAL HEAD ASSY-150A4H-BLACK,VALMONT
1124,,SIGNAL HEAD ASSY-150A4H-YELLOW,VALMONT
1125,,SIGN-R10-11,VALMONT
1126,,SIGN-R10-12,VALMONT
1127,,SIGN-R10-15L,VALMONT
1128,,SIGN-R10-15R,VALMONT
1129,,SIGN-R3-2L,VALMONT
1130,,SIGN-R3-2R,VALMONT
1131,,SONOTUBE-36IN-CUT TO LENGTH,VALMONT
1132,,UPRIGHT-20FT-18IN BC-MNPW-BLACK,VALMONT
1133,,UPRIGHT-20FT-18IN BC-MNPW-GALV,VALMONT
1134,,UPRIGHT-20FT-19IN BC-MNPW-BLACK,VALMONT
1135,,UPRIGHT-20FT-19IN BC-MNPW-GALV,VALMONT
1136,,UPRIGHT-20FT-22IN BC-MNPW-GALC,VALMONT
1137,,WAVETRONIX JUNCTION BOX,VALMONT
1138,,WAVETRONIX SMART SENSOR 225,VALMONT
1139,,WAVETRONIX SMART SENSOR 225 PART 1,VARIOUS
1140,,WAVETRONIX SMART SENSOR 225 PART 2,VARIOUS
1141,,WAVETRONIX SMART SENSOR 225 PART 3,VALMONT
1142,,,
1143,,,
1144,,,
1145,,,
1146,,,
1147,,,
1148,,,
1149,,,
1150,,,
1151,,,
1152,,,
1153,,,
1154,,,
1155,,,
1156,,,
1157,,,
1158,,,
1159,,,
1160,,,
1161,,,
1162,,,
1163,,,
1164,,,
1165,,,
1166,,,
1167,,,
1168,,,
1169,,,
1170,,,
1171,,,
1172,,,
1173,,,
1174,,,
1175,,,
1176,,,
1177,,,
1178,,,
1179,,,
1180,,,
1181,,,
1182,,,
1183,,,
1184,,,
1185,,,
1186,,,
1187,,,
1188,,,
1189,,,
1190,,,
1191,,,
1192,,,
1193,,,
1194,,,
1195,,,
1196,,,
1197,,,
1198,,,
1199,,,
1200,,,
1201,,,
1202,,,
1203,,,
1204,,,
1205,,,
1206,,,
1207,,,
1208,,,
1209,,,
1210,,,
1211,,,
